{"money": 576899939670.0, "space_lifetime_earnings": 2978674982948, "global_speed_mult": 1.0, "global_profit_mult": 1.0, "last_timestamp": 1749063016.2313793, "galactic_investors_total": 0, "galactic_investors_spent": 0, "businesses": [{"owned": 300, "speed_mult": 32.0, "profit_mult": 3.0, "unlocked": true, "has_manager": true, "timer": 0.05625, "in_progress": true, "base_time": 1.8, "base_payout": 1}, {"owned": 130, "speed_mult": 8.0, "profit_mult": 6.0, "unlocked": true, "has_manager": true, "timer": 0.997, "in_progress": true, "base_time": 9.0, "base_payout": 60}, {"owned": 100, "speed_mult": 8.0, "profit_mult": 3.0, "unlocked": true, "has_manager": true, "timer": 1.9939999999999998, "in_progress": true, "base_time": 18.0, "base_payout": 540}, {"owned": 100, "speed_mult": 8.0, "profit_mult": 3.0, "unlocked": true, "has_manager": true, "timer": 0.3799999999999969, "in_progress": true, "base_time": 36.0, "base_payout": 4320}, {"owned": 100, "speed_mult": 8.0, "profit_mult": 3.0, "unlocked": true, "has_manager": true, "timer": 6.888000000000002, "in_progress": true, "base_time": 72.0, "base_payout": 51840}, {"owned": 100, "speed_mult": 8.0, "profit_mult": 3.0, "unlocked": true, "has_manager": true, "timer": 27.967999999999957, "in_progress": true, "base_time": 288.0, "base_payout": 622080}, {"owned": 90, "speed_mult": 4.0, "profit_mult": 3.0, "unlocked": true, "has_manager": true, "timer": 135.66399999999413, "in_progress": true, "base_time": 1152.0, "base_payout": 7464960}, {"owned": 70, "speed_mult": 4.0, "profit_mult": 3.0, "unlocked": true, "has_manager": true, "timer": 317.79200000014373, "in_progress": true, "base_time": 4608.0, "base_payout": 89579520}, {"owned": 25, "speed_mult": 2.0, "profit_mult": 3.0, "unlocked": true, "has_manager": true, "timer": 1740.1960000236359, "in_progress": true, "base_time": 18432.0, "base_payout": 1074954240}, {"owned": 5, "speed_mult": 1.0, "profit_mult": 3.0, "unlocked": true, "has_manager": false, "timer": 106878.25999884866, "in_progress": true, "base_time": 110592.0, "base_payout": 29668737024}], "upgrades": [{"purchased": true}, {"purchased": true}, {"purchased": true}, {"purchased": true}, {"purchased": true}, {"purchased": true}, {"purchased": true}, {"purchased": true}, {"purchased": true}, {"purchased": true}, {"purchased": false}, {"purchased": false}, {"purchased": false}, {"purchased": false}, {"purchased": false}, {"purchased": false}, {"purchased": false}, {"purchased": false}, {"purchased": false}, {"purchased": false}, {"purchased": false}, {"purchased": false}, {"purchased": false}, {"purchased": false}, {"purchased": false}, {"purchased": false}, {"purchased": false}, {"purchased": false}, {"purchased": false}, {"purchased": false}, {"purchased": false}, {"purchased": false}, {"purchased": false}, {"purchased": false}, {"purchased": false}, {"purchased": false}, {"purchased": false}, {"purchased": false}, {"purchased": false}, {"purchased": false}, {"purchased": false}, {"purchased": false}, {"purchased": false}, {"purchased": false}, {"purchased": false}, {"purchased": false}, {"purchased": false}, {"purchased": false}, {"purchased": false}, {"purchased": false}, {"purchased": false}, {"purchased": false}, {"purchased": false}, {"purchased": false}, {"purchased": false}, {"purchased": false}, {"purchased": false}, {"purchased": false}, {"purchased": false}, {"purchased": false}, {"purchased": false}, {"purchased": false}, {"purchased": false}, {"purchased": false}, {"purchased": false}, {"purchased": false}, {"purchased": false}, {"purchased": false}, {"purchased": false}, {"purchased": false}, {"purchased": false}, {"purchased": false}, {"purchased": false}, {"purchased": false}, {"purchased": false}, {"purchased": false}, {"purchased": false}, {"purchased": false}, {"purchased": false}, {"purchased": false}, {"purchased": false}, {"purchased": false}, {"purchased": false}, {"purchased": false}, {"purchased": false}, {"purchased": false}, {"purchased": false}, {"purchased": false}, {"purchased": false}, {"purchased": false}, {"purchased": false}, {"purchased": false}, {"purchased": false}, {"purchased": false}, {"purchased": false}, {"purchased": false}, {"purchased": false}, {"purchased": false}, {"purchased": false}, {"purchased": false}, {"purchased": false}, {"purchased": false}, {"purchased": false}, {"purchased": false}, {"purchased": false}, {"purchased": false}, {"purchased": false}, {"purchased": false}, {"purchased": false}, {"purchased": false}, {"purchased": false}, {"purchased": false}, {"purchased": false}, {"purchased": false}, {"purchased": false}, {"purchased": false}, {"purchased": false}, {"purchased": false}, {"purchased": false}, {"purchased": false}, {"purchased": false}, {"purchased": false}, {"purchased": false}, {"purchased": false}, {"purchased": false}, {"purchased": false}, {"purchased": false}, {"purchased": false}, {"purchased": false}, {"purchased": false}, {"purchased": false}, {"purchased": false}, {"purchased": false}, {"purchased": false}, {"purchased": false}, {"purchased": false}, {"purchased": false}, {"purchased": false}, {"purchased": false}, {"purchased": false}, {"purchased": false}, {"purchased": false}, {"purchased": false}, {"purchased": false}, {"purchased": false}, {"purchased": false}, {"purchased": false}, {"purchased": false}, {"purchased": false}, {"purchased": false}, {"purchased": false}, {"purchased": false}, {"purchased": false}, {"purchased": false}, {"purchased": false}, {"purchased": false}, {"purchased": false}, {"purchased": false}, {"purchased": false}, {"purchased": false}, {"purchased": false}, {"purchased": false}, {"purchased": false}, {"purchased": false}, {"purchased": false}, {"purchased": false}, {"purchased": false}, {"purchased": false}, {"purchased": false}, {"purchased": false}, {"purchased": false}, {"purchased": false}, {"purchased": false}, {"purchased": false}, {"purchased": false}, {"purchased": false}, {"purchased": false}, {"purchased": false}, {"purchased": false}, {"purchased": false}, {"purchased": false}, {"purchased": false}, {"purchased": false}, {"purchased": false}, {"purchased": false}, {"purchased": false}, {"purchased": false}, {"purchased": false}, {"purchased": false}, {"purchased": false}, {"purchased": false}, {"purchased": false}, {"purchased": false}, {"purchased": false}, {"purchased": false}, {"purchased": false}, {"purchased": false}, {"purchased": false}, {"purchased": false}, {"purchased": false}, {"purchased": false}, {"purchased": false}, {"purchased": false}, {"purchased": false}, {"purchased": false}, {"purchased": false}, {"purchased": false}, {"purchased": false}, {"purchased": false}, {"purchased": false}, {"purchased": false}, {"purchased": false}, {"purchased": false}, {"purchased": false}, {"purchased": false}, {"purchased": false}, {"purchased": false}, {"purchased": false}, {"purchased": false}, {"purchased": false}, {"purchased": false}, {"purchased": false}, {"purchased": false}, {"purchased": false}, {"purchased": false}, {"purchased": false}, {"purchased": false}, {"purchased": false}, {"purchased": false}, {"purchased": false}, {"purchased": false}, {"purchased": false}, {"purchased": false}, {"purchased": false}, {"purchased": false}, {"purchased": false}, {"purchased": false}, {"purchased": false}, {"purchased": false}, {"purchased": false}, {"purchased": false}, {"purchased": false}, {"purchased": false}, {"purchased": false}, {"purchased": false}, {"purchased": false}, {"purchased": false}, {"purchased": false}, {"purchased": false}, {"purchased": false}, {"purchased": false}, {"purchased": false}, {"purchased": false}, {"purchased": false}, {"purchased": false}, {"purchased": false}, {"purchased": false}, {"purchased": false}, {"purchased": false}, {"purchased": false}, {"purchased": false}, {"purchased": false}, {"purchased": false}, {"purchased": false}, {"purchased": false}, {"purchased": false}, {"purchased": false}, {"purchased": false}, {"purchased": false}, {"purchased": false}, {"purchased": false}, {"purchased": false}, {"purchased": false}, {"purchased": false}, {"purchased": false}, {"purchased": false}, {"purchased": false}, {"purchased": false}, {"purchased": false}, {"purchased": false}, {"purchased": false}, {"purchased": false}, {"purchased": false}, {"purchased": false}, {"purchased": false}, {"purchased": false}, {"purchased": false}, {"purchased": false}, {"purchased": false}, {"purchased": false}, {"purchased": false}, {"purchased": false}, {"purchased": false}, {"purchased": false}, {"purchased": false}, {"purchased": false}, {"purchased": false}, {"purchased": false}, {"purchased": false}, {"purchased": false}, {"purchased": false}, {"purchased": false}, {"purchased": false}, {"purchased": false}, {"purchased": false}, {"purchased": false}, {"purchased": false}, {"purchased": false}, {"purchased": false}, {"purchased": false}, {"purchased": false}, {"purchased": false}, {"purchased": false}, {"purchased": false}, {"purchased": false}, {"purchased": false}, {"purchased": false}, {"purchased": false}, {"purchased": false}, {"purchased": false}, {"purchased": false}, {"purchased": false}, {"purchased": false}], "unlocked_shown": [0, 1, 2, 3, 4, 269, 270, 271, 160, 161, 162, 420, 421, 62, 63, 64, 65, 326, 327, 328, 214, 215, 216, 471, 372, 373], "galactic_upgrades": [{"purchased": false}, {"purchased": false}, {"purchased": false}, {"purchased": false}, {"purchased": false}, {"purchased": false}, {"purchased": false}, {"purchased": false}, {"purchased": false}, {"purchased": false}, {"purchased": false}, {"purchased": false}, {"purchased": false}, {"purchased": false}, {"purchased": false}, {"purchased": false}, {"purchased": false}, {"purchased": false}, {"purchased": false}, {"purchased": false}, {"purchased": false}, {"purchased": false}, {"purchased": false}, {"purchased": false}, {"purchased": false}, {"purchased": false}, {"purchased": false}, {"purchased": false}, {"purchased": false}, {"purchased": false}, {"purchased": false}, {"purchased": false}, {"purchased": false}, {"purchased": false}, {"purchased": false}, {"purchased": false}, {"purchased": false}, {"purchased": false}, {"purchased": false}, {"purchased": false}, {"purchased": false}, {"purchased": false}, {"purchased": false}, {"purchased": false}, {"purchased": false}, {"purchased": false}, {"purchased": false}, {"purchased": false}, {"purchased": false}, {"purchased": false}, {"purchased": false}, {"purchased": false}, {"purchased": false}, {"purchased": false}, {"purchased": false}, {"purchased": false}, {"purchased": false}, {"purchased": false}, {"purchased": false}, {"purchased": false}, {"purchased": false}, {"purchased": false}], "click_count": 541, "playtime_this_prestige": 29901.64599958747, "total_playtime": 29567.66398222261}