{"money": 9.0, "space_lifetime_earnings": 20, "global_speed_mult": 1.0, "global_profit_mult": 1.0, "last_timestamp": 1749141363.6571312, "galactic_investors_total": 0, "galactic_investors_spent": 0, "businesses": [{"owned": 4, "speed_mult": 1.0, "profit_mult": 1.0, "unlocked": true, "has_manager": false, "timer": 0.0, "in_progress": false, "base_time": 1.8, "base_payout": 1}, {"owned": 0, "speed_mult": 1.0, "profit_mult": 1.0, "unlocked": false, "has_manager": false, "timer": 0.0, "in_progress": false, "base_time": 9.0, "base_payout": 60}, {"owned": 0, "speed_mult": 1.0, "profit_mult": 1.0, "unlocked": false, "has_manager": false, "timer": 0.0, "in_progress": false, "base_time": 18.0, "base_payout": 540}, {"owned": 0, "speed_mult": 1.0, "profit_mult": 1.0, "unlocked": false, "has_manager": false, "timer": 0.0, "in_progress": false, "base_time": 36.0, "base_payout": 4320}, {"owned": 0, "speed_mult": 1.0, "profit_mult": 1.0, "unlocked": false, "has_manager": false, "timer": 0.0, "in_progress": false, "base_time": 72.0, "base_payout": 51840}, {"owned": 0, "speed_mult": 1.0, "profit_mult": 1.0, "unlocked": false, "has_manager": false, "timer": 0.0, "in_progress": false, "base_time": 288.0, "base_payout": 622080}, {"owned": 0, "speed_mult": 1.0, "profit_mult": 1.0, "unlocked": false, "has_manager": false, "timer": 0.0, "in_progress": false, "base_time": 1152.0, "base_payout": 7464960}, {"owned": 0, "speed_mult": 1.0, "profit_mult": 1.0, "unlocked": false, "has_manager": false, "timer": 0.0, "in_progress": false, "base_time": 4608.0, "base_payout": 89579520}, {"owned": 0, "speed_mult": 1.0, "profit_mult": 1.0, "unlocked": false, "has_manager": false, "timer": 0.0, "in_progress": false, "base_time": 18432.0, "base_payout": 1074954240}, {"owned": 0, "speed_mult": 1.0, "profit_mult": 1.0, "unlocked": false, "has_manager": false, "timer": 0.0, "in_progress": false, "base_time": 110592.0, "base_payout": 29668737024}], "upgrades": [{"purchased": false}, {"purchased": false}, {"purchased": false}, {"purchased": false}, {"purchased": false}, {"purchased": false}, {"purchased": false}, {"purchased": false}, {"purchased": false}, {"purchased": false}, {"purchased": false}, {"purchased": false}, {"purchased": false}, {"purchased": false}, {"purchased": false}, {"purchased": false}, {"purchased": false}, {"purchased": false}, {"purchased": false}, {"purchased": false}, {"purchased": false}, {"purchased": false}, {"purchased": false}, {"purchased": false}, {"purchased": false}, {"purchased": false}, {"purchased": false}, {"purchased": false}, {"purchased": false}, {"purchased": false}, {"purchased": false}, {"purchased": false}, {"purchased": false}, {"purchased": false}, {"purchased": false}, {"purchased": false}, {"purchased": false}, {"purchased": false}, {"purchased": false}, {"purchased": false}, {"purchased": false}, {"purchased": false}, {"purchased": false}, {"purchased": false}, {"purchased": false}, {"purchased": false}, {"purchased": false}, {"purchased": false}, {"purchased": false}, {"purchased": false}, {"purchased": false}, {"purchased": false}, {"purchased": false}, {"purchased": false}, {"purchased": false}, {"purchased": false}, {"purchased": false}, {"purchased": false}, {"purchased": false}, {"purchased": false}, {"purchased": false}, {"purchased": false}, {"purchased": false}, {"purchased": false}, {"purchased": false}, {"purchased": false}, {"purchased": false}, {"purchased": false}, {"purchased": false}, {"purchased": false}, {"purchased": false}, {"purchased": false}, {"purchased": false}, {"purchased": false}, {"purchased": false}, {"purchased": false}, {"purchased": false}, {"purchased": false}, {"purchased": false}, {"purchased": false}, {"purchased": false}, {"purchased": false}, {"purchased": false}, {"purchased": false}, {"purchased": false}, {"purchased": false}, {"purchased": false}, {"purchased": false}, {"purchased": false}, {"purchased": false}, {"purchased": false}, {"purchased": false}, {"purchased": false}, {"purchased": false}, {"purchased": false}, {"purchased": false}, {"purchased": false}, {"purchased": false}, {"purchased": false}, {"purchased": false}, {"purchased": false}, {"purchased": false}, {"purchased": false}, {"purchased": false}, {"purchased": false}, {"purchased": false}, {"purchased": false}, {"purchased": false}, {"purchased": false}, {"purchased": false}, {"purchased": false}, {"purchased": false}, {"purchased": false}, {"purchased": false}, {"purchased": false}, {"purchased": false}, {"purchased": false}, {"purchased": false}, {"purchased": false}, {"purchased": false}, {"purchased": false}, {"purchased": false}, {"purchased": false}, {"purchased": false}, {"purchased": false}, {"purchased": false}, {"purchased": false}, {"purchased": false}, {"purchased": false}, {"purchased": false}, {"purchased": false}, {"purchased": false}, {"purchased": false}, {"purchased": false}, {"purchased": false}, {"purchased": false}, {"purchased": false}, {"purchased": false}, {"purchased": false}, {"purchased": false}, {"purchased": false}, {"purchased": false}, {"purchased": false}, {"purchased": false}, {"purchased": false}, {"purchased": false}, {"purchased": false}, {"purchased": false}, {"purchased": false}, {"purchased": false}, {"purchased": false}, {"purchased": false}, {"purchased": false}, {"purchased": false}, {"purchased": false}, {"purchased": false}, {"purchased": false}, {"purchased": false}, {"purchased": false}, {"purchased": false}, {"purchased": false}, {"purchased": false}, {"purchased": false}, {"purchased": false}, {"purchased": false}, {"purchased": false}, {"purchased": false}, {"purchased": false}, {"purchased": false}, {"purchased": false}, {"purchased": false}, {"purchased": false}, {"purchased": false}, {"purchased": false}, {"purchased": false}, {"purchased": false}, {"purchased": false}, {"purchased": false}, {"purchased": false}, {"purchased": false}, {"purchased": false}, {"purchased": false}, {"purchased": false}, {"purchased": false}, {"purchased": false}, {"purchased": false}, {"purchased": false}, {"purchased": false}, {"purchased": false}, {"purchased": false}, {"purchased": false}, {"purchased": false}, {"purchased": false}, {"purchased": false}, {"purchased": false}, {"purchased": false}, {"purchased": false}, {"purchased": false}, {"purchased": false}, {"purchased": false}, {"purchased": false}, {"purchased": false}, {"purchased": false}, {"purchased": false}, {"purchased": false}, {"purchased": false}, {"purchased": false}, {"purchased": false}, {"purchased": false}, {"purchased": false}, {"purchased": false}, {"purchased": false}, {"purchased": false}, {"purchased": false}, {"purchased": false}, {"purchased": false}, {"purchased": false}, {"purchased": false}, {"purchased": false}, {"purchased": false}, {"purchased": false}, {"purchased": false}, {"purchased": false}, {"purchased": false}, {"purchased": false}, {"purchased": false}, {"purchased": false}, {"purchased": false}, {"purchased": false}, {"purchased": false}, {"purchased": false}, {"purchased": false}, {"purchased": false}, {"purchased": false}, {"purchased": false}, {"purchased": false}, {"purchased": false}, {"purchased": false}, {"purchased": false}, {"purchased": false}, {"purchased": false}, {"purchased": false}, {"purchased": false}, {"purchased": false}, {"purchased": false}, {"purchased": false}, {"purchased": false}, {"purchased": false}, {"purchased": false}, {"purchased": false}, {"purchased": false}, {"purchased": false}, {"purchased": false}, {"purchased": false}, {"purchased": false}, {"purchased": false}, {"purchased": false}, {"purchased": false}, {"purchased": false}, {"purchased": false}, {"purchased": false}, {"purchased": false}, {"purchased": false}, {"purchased": false}, {"purchased": false}, {"purchased": false}, {"purchased": false}, {"purchased": false}, {"purchased": false}, {"purchased": false}, {"purchased": false}, {"purchased": false}, {"purchased": false}, {"purchased": false}, {"purchased": false}, {"purchased": false}, {"purchased": false}, {"purchased": false}, {"purchased": false}, {"purchased": false}, {"purchased": false}, {"purchased": false}, {"purchased": false}, {"purchased": false}, {"purchased": false}, {"purchased": false}, {"purchased": false}, {"purchased": false}, {"purchased": false}, {"purchased": false}, {"purchased": false}, {"purchased": false}, {"purchased": false}, {"purchased": false}, {"purchased": false}, {"purchased": false}, {"purchased": false}, {"purchased": false}, {"purchased": false}, {"purchased": false}, {"purchased": false}, {"purchased": false}, {"purchased": false}, {"purchased": false}, {"purchased": false}, {"purchased": false}, {"purchased": false}, {"purchased": false}, {"purchased": false}, {"purchased": false}, {"purchased": false}, {"purchased": false}, {"purchased": false}, {"purchased": false}, {"purchased": false}, {"purchased": false}, {"purchased": false}, {"purchased": false}, {"purchased": false}, {"purchased": false}, {"purchased": false}, {"purchased": false}, {"purchased": false}], "unlocked_shown": [], "galactic_upgrades": [{"purchased": false}, {"purchased": false}, {"purchased": false}, {"purchased": false}, {"purchased": false}, {"purchased": false}, {"purchased": false}, {"purchased": false}, {"purchased": false}, {"purchased": false}, {"purchased": false}, {"purchased": false}, {"purchased": false}, {"purchased": false}, {"purchased": false}, {"purchased": false}, {"purchased": false}, {"purchased": false}, {"purchased": false}, {"purchased": false}, {"purchased": false}, {"purchased": false}, {"purchased": false}, {"purchased": false}, {"purchased": false}, {"purchased": false}, {"purchased": false}, {"purchased": false}, {"purchased": false}, {"purchased": false}, {"purchased": false}, {"purchased": false}, {"purchased": false}, {"purchased": false}, {"purchased": false}, {"purchased": false}, {"purchased": false}, {"purchased": false}, {"purchased": false}, {"purchased": false}, {"purchased": false}, {"purchased": false}, {"purchased": false}, {"purchased": false}, {"purchased": false}, {"purchased": false}, {"purchased": false}, {"purchased": false}, {"purchased": false}, {"purchased": false}, {"purchased": false}, {"purchased": false}, {"purchased": false}, {"purchased": false}, {"purchased": false}, {"purchased": false}, {"purchased": false}, {"purchased": false}, {"purchased": false}, {"purchased": false}, {"purchased": false}, {"purchased": false}], "click_count": 32, "playtime_this_prestige": 13.025999999999955, "total_playtime": 0.0}